{"cameraMode":{"drawMode":0,"name":"Shaded","section":"Shading Mode"},"sceneLighting":false,"audioPlay":false,"sceneViewState":{"showFog":true,"showMaterialUpdate":false,"showSkybox":false,"showFlares":true,"showImageEffects":true,"showParticleSystems":true},"in2DMode":false,"pivot":{"x":0.12059378623962403,"y":-0.027383580803871156,"z":0.028580009937286378},"rotation":{"x":0.05105730891227722,"y":-0.8714474439620972,"z":0.09290614724159241,"w":0.4789137542247772},"size":0.24352924525737763,"orthographic":false}