{"cameraMode":{"drawMode":0,"name":"Shaded","section":"Shading Mode"},"sceneLighting":false,"audioPlay":false,"sceneViewState":{"showFog":true,"showMaterialUpdate":true,"showSkybox":false,"showFlares":true,"showImageEffects":true,"showParticleSystems":true},"in2DMode":false,"pivot":{"x":-2.696732759475708,"y":2.6671669483184816,"z":-15.910120010375977},"rotation":{"x":0.2613491415977478,"y":0.04400581121444702,"z":-0.011972359381616116,"w":0.9645276665687561},"size":0.5140239596366882,"orthographic":false}