{"cameraMode":{"drawMode":0,"name":"Shaded","section":"Shading Mode"},"sceneLighting":false,"audioPlay":false,"sceneViewState":{"showFog":true,"showMaterialUpdate":false,"showSkybox":false,"showFlares":true,"showImageEffects":true,"showParticleSystems":true},"in2DMode":false,"pivot":{"x":3.8790061473846437,"y":5.243607044219971,"z":-3.544620990753174},"rotation":{"x":-0.25194862484931948,"y":0.2396271824836731,"z":-0.0647934302687645,"w":-0.9356223940849304},"size":0.5114319324493408,"orthographic":false}