{"cameraMode":{"drawMode":0,"name":"Shaded","section":"Shading Mode"},"sceneLighting":false,"audioPlay":false,"sceneViewState":{"showFog":true,"showMaterialUpdate":false,"showSkybox":false,"showFlares":true,"showImageEffects":true,"showParticleSystems":true},"in2DMode":false,"pivot":{"x":0.15917783975601197,"y":-0.10171100497245789,"z":-0.0944569781422615},"rotation":{"x":-0.12551726400852204,"y":-0.7005119919776917,"z":0.1272614449262619,"w":-0.6909053325653076},"size":0.2442360669374466,"orthographic":false}