{"cameraMode":{"drawMode":0,"name":"Shaded","section":"Shading Mode"},"sceneLighting":true,"audioPlay":false,"sceneViewState":{"showFog":true,"showMaterialUpdate":true,"showSkybox":true,"showFlares":true,"showImageEffects":true,"showParticleSystems":true},"in2DMode":false,"pivot":{"x":-2.2822723388671877,"y":3.0614614486694338,"z":-13.422500610351563},"rotation":{"x":0.14515560865402223,"y":0.08067187666893006,"z":-0.011888507753610611,"w":0.9864027500152588},"size":0.27682915329933169,"orthographic":false}