{"cameraMode":{"drawMode":0,"name":"Shaded","section":"Shading Mode"},"sceneLighting":false,"audioPlay":false,"sceneViewState":{"showFog":true,"showMaterialUpdate":true,"showSkybox":false,"showFlares":true,"showImageEffects":true,"showParticleSystems":true},"in2DMode":false,"pivot":{"x":-253.59226989746095,"y":94.13447570800781,"z":-98.30667877197266},"rotation":{"x":0.20432709157466889,"y":0.06076415628194809,"z":-0.012747863307595253,"w":0.9772883057594299},"size":0.27682846784591677,"orthographic":false}