{"cameraMode":{"drawMode":0,"name":"Shaded","section":"Shading Mode"},"sceneLighting":false,"audioPlay":false,"sceneViewState":{"showFog":true,"showMaterialUpdate":false,"showSkybox":false,"showFlares":true,"showImageEffects":true,"showParticleSystems":true},"in2DMode":false,"pivot":{"x":1.2943593263626099,"y":-0.5717090964317322,"z":-0.7810513377189636},"rotation":{"x":-0.07957563549280167,"y":-0.8706743717193604,"z":0.15009351074695588,"w":-0.46160873770713808},"size":0.7130996584892273,"orthographic":false}