{"cameraMode":{"drawMode":0,"name":"Shaded","section":"Shading Mode"},"sceneLighting":true,"audioPlay":false,"sceneViewState":{"showFog":true,"showMaterialUpdate":true,"showSkybox":true,"showFlares":true,"showImageEffects":true,"showParticleSystems":true},"in2DMode":false,"pivot":{"x":249.01499938964845,"y":-1970.3857421875,"z":71.46167755126953},"rotation":{"x":0.14515560865402223,"y":0.08067187666893006,"z":-0.011888507753610611,"w":0.9864027500152588},"size":19.440105438232423,"orthographic":false}