{"cameraMode":{"drawMode":0,"name":"Shaded","section":"Shading Mode"},"sceneLighting":true,"audioPlay":false,"sceneViewState":{"showFog":true,"showMaterialUpdate":false,"showSkybox":false,"showFlares":true,"showImageEffects":true,"showParticleSystems":true},"in2DMode":false,"pivot":{"x":6.481983184814453,"y":1.3638367652893067,"z":-14.958155632019043},"rotation":{"x":-0.016173649579286577,"y":-0.9702968001365662,"z":0.06763841211795807,"w":-0.23189017176628114},"size":13.712625503540039,"orthographic":false}