{"cameraMode":{"drawMode":0,"name":"Shaded","section":"Shading Mode"},"sceneLighting":false,"audioPlay":false,"sceneViewState":{"showFog":true,"showMaterialUpdate":true,"showSkybox":false,"showFlares":true,"showImageEffects":true,"showParticleSystems":true},"in2DMode":false,"pivot":{"x":-2.2431111335754396,"y":3.1105055809020998,"z":-13.435026168823243},"rotation":{"x":0.0872492864727974,"y":0.07974265515804291,"z":-0.006983516272157431,"w":0.9933196306228638},"size":0.12547659873962403,"orthographic":false}