{"cameraMode":{"drawMode":0,"name":"Shaded","section":"Shading Mode"},"sceneLighting":false,"audioPlay":false,"sceneViewState":{"showFog":true,"showMaterialUpdate":true,"showSkybox":false,"showFlares":true,"showImageEffects":true,"showParticleSystems":true},"in2DMode":false,"pivot":{"x":10.066093444824219,"y":11.37744140625,"z":-24.758316040039064},"rotation":{"x":0.13409534096717835,"y":-0.18990975618362428,"z":0.026672331616282464,"w":0.9725441336631775},"size":1.4863622188568116,"orthographic":false}