{"cameraMode":{"drawMode":0,"name":"Shaded","section":"Shading Mode"},"sceneLighting":true,"audioPlay":false,"sceneViewState":{"showFog":true,"showMaterialUpdate":false,"showSkybox":false,"showFlares":true,"showImageEffects":true,"showParticleSystems":true},"in2DMode":false,"pivot":{"x":-4.899999618530273,"y":0.41699981689453127,"z":0.05500030517578125},"rotation":{"x":-0.018452119082212449,"y":-0.981537938117981,"z":0.12941980361938477,"w":-0.1399104744195938},"size":1.2642168998718262,"orthographic":false}