{"cameraMode":{"drawMode":0,"name":"Shaded","section":"Shading Mode"},"sceneLighting":false,"audioPlay":false,"sceneViewState":{"showFog":true,"showMaterialUpdate":false,"showSkybox":false,"showFlares":true,"showImageEffects":true,"showParticleSystems":true},"in2DMode":false,"pivot":{"x":-0.015613154508173466,"y":-0.0071585229597985748,"z":-0.06370101124048233},"rotation":{"x":-0.7120363116264343,"y":0.0899503082036972,"z":0.09280075877904892,"w":0.6901577711105347},"size":0.025783274322748185,"orthographic":true}